"0","sapply(predictors, model_fun)"
"1","[1]"
"1"," 0.235929039"
"1"," 0.299795840"
"1"," 0.002318631"
"1"," 0.002492435"
"1","
"
